<?xml version="1.0" encoding="UTF-8"?>
<project-private xmlns="http://www.netbeans.org/ns/project-private/1">
    <editor-bookmarks xmlns="http://www.netbeans.org/ns/editor-bookmarks/2" lastBookmarkId="3">
        <file>
            <url>src/java/web/managed/bean/MyEmpManagedBean.java</url>
            <bookmark id="2">
                <name/>
                <line>25</line>
                <key/>
            </bookmark>
            <bookmark id="3">
                <name/>
                <line>150</line>
                <key/>
            </bookmark>
        </file>
    </editor-bookmarks>
    <open-files xmlns="http://www.netbeans.org/ns/projectui-open-files/2">
        <group>
            <file>file:/C:/Users/alif_/Documents/NetBeansProjects/Lab_07b_ED-Secure/ED-Secure/ED-Secure-war/web/employee/displayEmployeeDetails.xhtml</file>
            <file>file:/C:/Users/alif_/Documents/NetBeansProjects/Lab_07b_ED-Secure/ED-Secure/ED-Secure-war/web/employee/changeEmployee.xhtml</file>
            <file>file:/C:/Users/alif_/Documents/NetBeansProjects/Lab_07b_ED-Secure/ED-Secure/ED-Secure-war/web/employee/displayEmployee.xhtml</file>
        </group>
    </open-files>
</project-private>
